[
  {
    "tags": [
      "change",
      "deep-thoughts",
      "thinking",
      "world"
    ],
    "author": "Albert Einstein",
    "quote": "“The world as we have created it is a process of our thinking. It cannot be changed without changing our thinking.”"
  },
  {
    "tags": [
      "inspirational",
      "life",
      "live",
      "miracle",
      "miracles"
    ],
    "author": "Albert Einstein",
    "quote": "“There are only two ways to live your life. One is as though nothing is a miracle. The other is as though everything is a miracle.”"
  },
  {
    "tags": [
      "adulthood",
      "success",
      "value"
    ],
    "author": "Albert Einstein",
    "quote": "“Try not to become a man of success. Rather become a man of value.”"
  },
  {
    "tags": [
      "humor",
      "obvious",
      "simile"
    ],
    "author": "Steve Martin",
    "quote": "“A day without sunshine is like, you know, night.”"
  }
]